{
    "camera_angle_x": 0.691111147403717,
    "frames": [
        {
            "file_path": "train/0001.png",
            "transform_matrix": [
                [
                    0.999992847442627,
                    5.450562821351923e-05,
                    0.003797009587287903,
                    0.0
                ],
                [
                    0.0037974007427692413,
                    -0.014353301376104355,
                    -0.9998898506164551,
                    -1.0
                ],
                [
                    -3.637978807091713e-12,
                    0.9998970031738281,
                    -0.014353406615555286,
                    0.0
                ],
                [
                    0.0,
                    0.0,
                    0.0,
                    1.0
                ]
            ]
        },
        {
            "file_path": "train/0061.png",
            "transform_matrix": [
                [
                    0.48193851113319397,
                    -0.012453311122953892,
                    -0.8761165142059326,
                    -0.8658770322799683
                ],
                [
                    -0.8762050271034241,
                    -0.006849687080830336,
                    -0.48188984394073486,
                    -0.49988216161727905
                ],
                [
                    0.0,
                    0.9998990893363953,
                    -0.014212779700756073,
                    0.0
                ],
                [
                    0.0,
                    0.0,
                    0.0,
                    1.0
                ]
            ]
        },
        {
            "file_path": "train/0121.png",
            "transform_matrix": [
                [
                    -0.5204803347587585,
                    -0.011826679110527039,
                    -0.8537917733192444,
                    -0.8658770322799683
                ],
                [
                    -0.8538736701011658,
                    0.007208974100649357,
                    0.5204303860664368,
                    0.49988216161727905
                ],
                [
                    -4.656612873077393e-10,
                    0.9999040961265564,
                    -0.013850618153810501,
                    0.0
                ],
                [
                    0.0,
                    0.0,
                    0.0,
                    1.0
                ]
            ]
        },
        {
            "file_path": "train/0181.png",
            "transform_matrix": [
                [
                    -0.9999935030937195,
                    4.9191447033081204e-05,
                    0.0036072973161935806,
                    2.3834175522097212e-07
                ],
                [
                    0.003607632825151086,
                    0.013635292649269104,
                    0.9999005198478699,
                    1.0
                ],
                [
                    0.0,
                    0.9999070763587952,
                    -0.013635380193591118,
                    0.0
                ],
                [
                    0.0,
                    0.0,
                    0.0,
                    1.0
                ]
            ]
        },
        {
            "file_path": "train/0241.png",
            "transform_matrix": [
                [
                    -0.5172396302223206,
                    0.011780132539570332,
                    0.8557595610618591,
                    0.8658771514892578
                ],
                [
                    0.8558407425880432,
                    0.007119492162019014,
                    0.5171905755996704,
                    0.4998819828033447
                ],
                [
                    0.0,
                    0.9999052882194519,
                    -0.013764399103820324,
                    0.0
                ],
                [
                    0.0,
                    0.0,
                    0.0,
                    1.0
                ]
            ]
        },
        {
            "file_path": "train/0301.png",
            "transform_matrix": [
                [
                    0.4787807762622833,
                    0.01239614374935627,
                    0.8778470754623413,
                    0.8658769130706787
                ],
                [
                    0.8779345750808716,
                    -0.00676022469997406,
                    -0.4787330627441406,
                    -0.49988240003585815
                ],
                [
                    -4.6566123179658803e-10,
                    0.9999004006385803,
                    -0.014119667001068592,
                    0.0
                ],
                [
                    0.0,
                    0.0,
                    0.0,
                    1.0
                ]
            ]
        }
    ]
}