{
    "camera_angle_x": 0.691111147403717,
    "camera_angle_y": 0.4710899591445923,
    "fl_x": 2666.6666666666665,
    "fl_y": 2666.6666666666665,
    "k1": 0.0,
    "k2": 0.0,
    "p1": 0.0,
    "p2": 0.0,
    "cx": 960.0,
    "cy": 540.0,
    "w": 1920.0,
    "h": 1080.0,
    "aabb_scale": 2,
    "frames": [
        {
            "file_path": "train/0001.png",
            "transform_matrix": [
                [
                    1.0,
                    0.0,
                    0.0,
                    0.0
                ],
                [
                    0.0,
                    0.0,
                    -1.0,
                    -1.0
                ],
                [
                    0.0,
                    1.0,
                    0.0,
                    0.0
                ],
                [
                    0.0,
                    0.0,
                    0.0,
                    1.0
                ]
            ]
        },
        {
            "file_path": "train/0031.png",
            "transform_matrix": [
                [
                    0.8660393953323364,
                    0.0,
                    -0.4999758303165436,
                    -0.49988216161727905
                ],
                [
                    -0.49997588992118835,
                    0.0,
                    -0.8660392761230469,
                    -0.8658770322799683
                ],
                [
                    0.0,
                    1.0,
                    0.0,
                    0.0
                ],
                [
                    0.0,
                    0.0,
                    0.0,
                    1.0
                ]
            ]
        },
        {
            "file_path": "train/0061.png",
            "transform_matrix": [
                [
                    0.49997588992118835,
                    0.0,
                    -0.8660392761230469,
                    -0.8658770322799683
                ],
                [
                    -0.8660393953323364,
                    0.0,
                    -0.4999758303165436,
                    -0.49988216161727905
                ],
                [
                    0.0,
                    1.0,
                    0.0,
                    0.0
                ],
                [
                    0.0,
                    0.0,
                    0.0,
                    1.0
                ]
            ]
        },
        {
            "file_path": "train/0091.png",
            "transform_matrix": [
                [
                    0.0,
                    0.0,
                    -1.0,
                    -1.0
                ],
                [
                    -1.0,
                    0.0,
                    0.0,
                    0.0
                ],
                [
                    0.0,
                    1.0,
                    0.0,
                    0.0
                ],
                [
                    0.0,
                    0.0,
                    0.0,
                    1.0
                ]
            ]
        },
        {
            "file_path": "train/0121.png",
            "transform_matrix": [
                [
                    -0.49997588992118835,
                    0.0,
                    -0.8660392761230469,
                    -0.8658770322799683
                ],
                [
                    -0.8660393953323364,
                    0.0,
                    0.4999758303165436,
                    0.49988216161727905
                ],
                [
                    0.0,
                    1.0,
                    0.0,
                    0.0
                ],
                [
                    0.0,
                    0.0,
                    0.0,
                    1.0
                ]
            ]
        },
        {
            "file_path": "train/0151.png",
            "transform_matrix": [
                [
                    -0.866039514541626,
                    0.0,
                    -0.49997565150260925,
                    -0.4998819828033447
                ],
                [
                    -0.49997571110725403,
                    0.0,
                    0.8660393953323364,
                    0.8658771514892578
                ],
                [
                    0.0,
                    1.0,
                    0.0,
                    0.0
                ],
                [
                    0.0,
                    0.0,
                    0.0,
                    1.0
                ]
            ]
        },
        {
            "file_path": "train/0181.png",
            "transform_matrix": [
                [
                    -1.0,
                    0.0,
                    2.3834175522097212e-07,
                    2.3834175522097212e-07
                ],
                [
                    2.3834175522097212e-07,
                    0.0,
                    1.0,
                    1.0
                ],
                [
                    0.0,
                    1.0,
                    0.0,
                    0.0
                ],
                [
                    0.0,
                    0.0,
                    0.0,
                    1.0
                ]
            ]
        },
        {
            "file_path": "train/0211.png",
            "transform_matrix": [
                [
                    -0.866039514541626,
                    0.0,
                    0.49997565150260925,
                    0.4998819828033447
                ],
                [
                    0.49997571110725403,
                    0.0,
                    0.8660393953323364,
                    0.8658771514892578
                ],
                [
                    0.0,
                    1.0,
                    0.0,
                    0.0
                ],
                [
                    0.0,
                    0.0,
                    0.0,
                    1.0
                ]
            ]
        },
        {
            "file_path": "train/0241.png",
            "transform_matrix": [
                [
                    -0.49997571110725403,
                    0.0,
                    0.8660393953323364,
                    0.8658771514892578
                ],
                [
                    0.866039514541626,
                    0.0,
                    0.49997565150260925,
                    0.4998819828033447
                ],
                [
                    0.0,
                    1.0,
                    0.0,
                    0.0
                ],
                [
                    0.0,
                    0.0,
                    0.0,
                    1.0
                ]
            ]
        },
        {
            "file_path": "train/0271.png",
            "transform_matrix": [
                [
                    0.0,
                    0.0,
                    1.0,
                    1.0
                ],
                [
                    1.0,
                    0.0,
                    0.0,
                    0.0
                ],
                [
                    0.0,
                    1.0,
                    0.0,
                    0.0
                ],
                [
                    0.0,
                    0.0,
                    0.0,
                    1.0
                ]
            ]
        },
        {
            "file_path": "train/0301.png",
            "transform_matrix": [
                [
                    0.49997612833976746,
                    0.0,
                    0.8660391569137573,
                    0.8658769130706787
                ],
                [
                    0.8660392761230469,
                    0.0,
                    -0.4999760687351227,
                    -0.49988240003585815
                ],
                [
                    0.0,
                    1.0,
                    0.0,
                    0.0
                ],
                [
                    0.0,
                    0.0,
                    0.0,
                    1.0
                ]
            ]
        },
        {
            "file_path": "train/0331.png",
            "transform_matrix": [
                [
                    0.8660397529602051,
                    0.0,
                    0.4999752342700958,
                    0.4998815655708313
                ],
                [
                    0.4999752938747406,
                    0.0,
                    -0.8660396337509155,
                    -0.8658773899078369
                ],
                [
                    0.0,
                    1.0,
                    0.0,
                    0.0
                ],
                [
                    0.0,
                    0.0,
                    0.0,
                    1.0
                ]
            ]
        }
    ]
}