{
    "camera_angle_x": 0.691111147403717,
    "frames": [
        {
            "file_path": "train/0001.png",
            "transform_matrix": [
                [
                    0.999992847442627,
                    5.450562821351923e-05,
                    0.003797009587287903,
                    0.0
                ],
                [
                    0.0037974007427692413,
                    -0.014353301376104355,
                    -0.9998898506164551,
                    -1.0
                ],
                [
                    -3.637978807091713e-12,
                    0.9998970031738281,
                    -0.014353406615555286,
                    0.0
                ],
                [
                    0.0,
                    0.0,
                    0.0,
                    1.0
                ]
            ]
        },
        {
            "file_path": "train/0091.png",
            "transform_matrix": [
                [
                    -0.025746187195181847,
                    -0.014027902856469154,
                    -0.9995701313018799,
                    -1.0
                ],
                [
                    -0.9996684789657593,
                    0.0003612847940530628,
                    0.025743655860424042,
                    0.0
                ],
                [
                    0.0,
                    0.999901533126831,
                    -0.014032555744051933,
                    0.0
                ],
                [
                    0.0,
                    0.0,
                    0.0,
                    1.0
                ]
            ]
        },
        {
            "file_path": "train/0181.png",
            "transform_matrix": [
                [
                    -0.9999935030937195,
                    4.9191447033081204e-05,
                    0.0036072973161935806,
                    2.3834175522097212e-07
                ],
                [
                    0.003607632825151086,
                    0.013635292649269104,
                    0.9999005198478699,
                    1.0
                ],
                [
                    0.0,
                    0.9999070763587952,
                    -0.013635380193591118,
                    0.0
                ],
                [
                    0.0,
                    0.0,
                    0.0,
                    1.0
                ]
            ]
        },
        {
            "file_path": "train/0271.png",
            "transform_matrix": [
                [
                    -0.025556495413184166,
                    0.013924634084105492,
                    0.9995763897895813,
                    1.0
                ],
                [
                    0.9996734261512756,
                    0.00035598111571744084,
                    0.02555401436984539,
                    0.0
                ],
                [
                    -2.9103830456733704e-11,
                    0.9999030232429504,
                    -0.013929183594882488,
                    0.0
                ],
                [
                    0.0,
                    0.0,
                    0.0,
                    1.0
                ]
            ]
        }
    ]
}